,DecisionTree,RandomForest,GradientBoosting,AdaBoost,GNB,SVM
accuracy,0.8343942992874108,0.8387648456057006,0.8402850356294538,0.8343467933491686,0.8114489311163895,0.6617102137767221
precision,0.7757425049969051,0.7864360467589553,0.7927295683392325,0.7783023819668272,0.7521180573615691,0.560066266504242
recall,0.6894457309171251,0.6932648950521554,0.6913102016103332,0.6823782158866394,0.7080798155977142,0.5097376171103227
fscore,0.7154103340536915,0.7212808916372226,0.7208844511863162,0.7099392446769668,0.7172374739183257,0.5186438995369694
runtime,0.0020020723342895506,0.10512266159057618,0.06488659381866455,0.19298017024993896,0.0017647266387939454,0.06676816940307617
TN,1558.4,1566.3,1573.2,1567.2,1468.0,1282.7
FN,259.0,257.7,261.4,267.9,216.9,346.8
TP,198.0,199.3,195.6,189.1,240.1,110.2
FP,89.6,81.7,74.8,80.8,180.0,365.3
