,DecisionTree,RandomForest,GradientBoosting,AdaBoost,GNB,SVM
accuracy,0.8319714964370547,0.8390023752969121,0.8403800475059382,0.8343467933491686,0.8114489311163895,0.6617102137767221
precision,0.7718106275212843,0.7883270134485503,0.7929360031889962,0.7783023819668272,0.7521180573615691,0.560066266504242
recall,0.6833914459008731,0.6932584553121879,0.6913708812219836,0.6823782158866394,0.7080798155977142,0.5097376171103227
fscore,0.7096487886674735,0.7215564397135068,0.720998465515935,0.7099392446769668,0.7172374739183257,0.5186438995369694
runtime,0.0019582271575927734,0.09623172283172607,0.05818397998809814,0.18822827339172363,0.0017874479293823243,0.061345243453979494
TN,1559.0,1567.0,1573.4,1567.2,1468.0,1282.7
FN,264.7,257.9,261.4,267.9,216.9,346.8
TP,192.3,199.1,195.6,189.1,240.1,110.2
FP,89.0,81.0,74.6,80.8,180.0,365.3
